ANNEE,MOIS,JOUR,NB_PIECES,TYPE,STANDING,COMMUNE,QUARTIER,LOYER,LIEN
2021,2,22,[],Appartement,Economique,Cocody,Mbadon,350000000,https://web.facebook.com/groups/1558562987708936/permalink/3538377576394124/?sale_post_id=3538377576394124
2023,1,21,,Maison,Economique,Cocody,Mbadon,6000000000,https://web.facebook.com/groups/1558562987708936/permalink/3513955502169665/?sale_post_id=3513955502169665
2023,1,4,,Maison,Economique,Cocody,Mbadon,450000000,https://web.facebook.com/groups/1558562987708936/permalink/3500004476898101/?sale_post_id=3500004476898101
2023,1,3,7,Maison,Economique,Cocody,Mbadon,1000,https://web.facebook.com/groups/1558562987708936/permalink/3499773483587867/?sale_post_id=3499773483587867
2023,1,12,9,Maison,Economique,Cocody,Mbadon,1000,https://web.facebook.com/groups/1558562987708936/permalink/3506449076253641/?sale_post_id=3506449076253641
2023,2,2,4,Appartement,Economique,Cocody,Mbadon,800000000,https://web.facebook.com/groups/1558562987708936/permalink/3523799047851977/?sale_post_id=3523799047851977
2023,2,2,4,Maison,Economique,Cocody,Mbadon,700000000,https://web.facebook.com/groups/1558562987708936/permalink/3524279184470630/?sale_post_id=3524279184470630
2023,1,9,2,Maison,Economique,Cocody,Mbadon,130000000,https://web.facebook.com/groups/1558562987708936/permalink/3503994703165745/?sale_post_id=3503994703165745
2023,1,12,,Maison,Economique,Cocody,Mbadon,3500000000,https://web.facebook.com/groups/1558562987708936/permalink/3506449426253606/?sale_post_id=3506449426253606
2023,2,5,4,Maison,Economique,Cocody,Mbadon,700000000,https://web.facebook.com/groups/1558562987708936/permalink/3526682460896969/?sale_post_id=3526682460896969
2023,1,8,8,Maison,Economique,Cocody,Mbadon,3500000000,https://web.facebook.com/groups/1558562987708936/permalink/3503722076526341/?sale_post_id=3503722076526341
2021,2,22,,Maison,Economique,Cocody,Mbadon,300000000,https://web.facebook.com/groups/1558562987708936/permalink/3539017709663444/?sale_post_id=3539017709663444
2023,1,10,,Maison,Economique,Cocody,Mbadon,100000000,https://web.facebook.com/groups/1558562987708936/permalink/3504940646404484/?sale_post_id=3504940646404484
2023,1,25,4,Maison,Economique,Cocody,Mbadon,750000000,https://web.facebook.com/groups/1558562987708936/permalink/3517613575137191/?sale_post_id=3517613575137191
2023,1,18,,Maison,Economique,Cocody,Mbadon,3500000000,https://web.facebook.com/groups/1558562987708936/permalink/3511302349101647/?sale_post_id=3511302349101647
2023,1,27,4,Maison,Economique,Cocody,Mbadon,750000000,https://web.facebook.com/groups/1558562987708936/permalink/3518729621692253/?sale_post_id=3518729621692253
2023,1,17,,Maison,Economique,Cocody,Mbadon,300000000,https://web.facebook.com/groups/1558562987708936/permalink/3510725635825985/?sale_post_id=3510725635825985
2023,1,8,8,Maison,Economique,Cocody,Mbadon,3500000000,https://web.facebook.com/groups/1558562987708936/permalink/3503450809886801/?sale_post_id=3503450809886801
2023,1,26,7,Maison,Economique,Cocody,Mbadon,2000000000,https://web.facebook.com/groups/1558562987708936/permalink/3518423731722842/?sale_post_id=3518423731722842
2023,1,23,7,Maison,Economique,Cocody,Mbadon,3500000000,https://web.facebook.com/groups/1558562987708936/permalink/3515743365324212/?sale_post_id=3515743365324212
2021,2,22,,Maison,Economique,Cocody,Mbadon,1200000000,https://web.facebook.com/groups/1558562987708936/permalink/3538386836393198/?sale_post_id=3538386836393198
2019,2,22,5,Appartement,Economique,Cocody,Mbadon,1400000000,https://web.facebook.com/groups/1558562987708936/permalink/3536951423203406/?sale_post_id=3536951423203406
2023,1,17,3,Appartement,Economique,Cocody,Mbadon,450000000,https://web.facebook.com/groups/1558562987708936/permalink/3510579949173887/?sale_post_id=3510579949173887
2023,1,17,4,Appartement,Economique,Cocody,Mbadon,1000,https://web.facebook.com/groups/1558562987708936/permalink/3510737945824754/?sale_post_id=3510737945824754
2021,2,22,5,Appartement,Economique,Cocody,Mbadon,1300000000,https://web.facebook.com/groups/1558562987708936/permalink/3538606293037919/?sale_post_id=3538606293037919
2023,2,5,4,Maison,Economique,Cocody,Mbadon,600000000,https://web.facebook.com/groups/1558562987708936/permalink/3526795500885665/?sale_post_id=3526795500885665
2023,1,4,,Maison,Economique,Cocody,Mbadon,4000,https://web.facebook.com/groups/1558562987708936/permalink/3500005666897982/?sale_post_id=3500005666897982
2023,1,3,8,Maison,Economique,Cocody,Mbadon,3500000000,https://web.facebook.com/groups/1558562987708936/permalink/3499549776943571/?sale_post_id=3499549776943571
2023,1,9,7,Maison,Economique,Cocody,Mbadon,3000000000,https://web.facebook.com/groups/1558562987708936/permalink/3504022816496267/?sale_post_id=3504022816496267
2023,2,2,4,Maison,Economique,Cocody,Mbadon,700000000,https://web.facebook.com/groups/1558562987708936/permalink/3523991564499392/?sale_post_id=3523991564499392
